tp,conc,isl,osl,block_m,N,K,swizzle,freq,m_median,pm_cfg,json_cfg,json_in_grid,json_excl_field,pm_est_tflops,json_est_tflops,pm_eq_json
1,128,1024,1024,128,6144,3072,CDNA4_SCALE,3780,18236,128/256/2/8,128/256/2/4,True,,1032.1,774.1,False
1,128,1024,1024,128,3072,3072,CDNA4_SCALE,3780,18236,128/256/2/8,128/256/2/4,True,,959.7,719.8,False
1,128,1024,1024,32,6144,3072,CDNA4_SCALE,9396,4100,128/256/2/4,128/256/2/4,True,,786.5,786.5,True
1,128,1024,1024,32,3072,3072,CDNA4_SCALE,9396,4100,128/256/2/4,128/256/2/4,True,,727.2,727.2,True
1,128,1024,1024,16,5760,2880,CDNA4_SCALE,7488,752,64/512/2/4,64/512/2/4,True,,385.3,385.3,True
1,128,1024,1024,16,2880,2880,CDNA4_SCALE,7488,752,64/512/2/4,64/512/2/4,True,,343.7,343.7,True
1,128,1024,1024,64,6144,3072,CDNA4_SCALE,16380,4460,256/256/2/8,128/256/2/4,True,,1072.3,870.9,False
1,128,1024,1024,64,3072,3072,CDNA4_SCALE,16380,4460,128/256/2/4,128/256/2/4,True,,870.9,870.9,True
1,16,1024,1024,128,6144,3072,CDNA4_SCALE,288,28076,128/256/2/8,128/256/2/4,True,,1010.3,757.7,False
1,16,1024,1024,128,3072,3072,CDNA4_SCALE,288,28076,128/256/2/8,128/256/2/4,True,,1010.3,757.7,False
1,16,1024,1024,32,6144,3072,CDNA4_SCALE,5004,3264,128/256/2/4,128/256/2/4,True,,773.6,773.6,True
1,16,1024,1024,32,3072,3072,CDNA4_SCALE,5004,3264,128/256/2/4,128/256/2/4,True,,773.6,773.6,True
1,16,1024,1024,16,5760,2880,CDNA4_SCALE,7488,752,64/512/2/4,64/512/2/4,True,,385.3,385.3,True
1,16,1024,1024,16,2880,2880,CDNA4_SCALE,7488,752,64/512/2/4,64/512/2/4,True,,343.7,343.7,True
1,16,1024,1024,64,6144,3072,CDNA4_SCALE,36,7764,256/256/2/8,128/256/2/4,True,,1107.0,979.0,False
1,16,1024,1024,64,3072,3072,CDNA4_SCALE,36,7764,128/256/2/4,128/256/2/4,True,,899.1,899.1,True
1,256,1024,1024,128,6144,3072,CDNA4_SCALE,16524,11968,128/256/2/8,128/256/2/4,True,,1001.9,751.4,False
1,256,1024,1024,128,3072,3072,CDNA4_SCALE,16524,11968,128/256/2/8,128/256/2/4,True,,1001.9,751.4,False
1,256,1024,1024,32,6144,3072,CDNA4_SCALE,4500,3136,128/256/2/4,128/256/2/4,True,,791.2,791.2,True
1,256,1024,1024,32,3072,3072,CDNA4_SCALE,4500,3136,128/256/2/4,128/256/2/4,True,,714.1,714.1,True
1,256,1024,1024,16,5760,2880,CDNA4_SCALE,7488,752,64/512/2/4,64/512/2/4,True,,385.3,385.3,True
1,256,1024,1024,16,2880,2880,CDNA4_SCALE,7488,752,64/512/2/4,64/512/2/4,True,,343.7,343.7,True
1,256,1024,1024,64,6144,3072,CDNA4_SCALE,39600,4760,256/256/2/8,128/256/2/4,True,,938.8,867.5,False
1,256,1024,1024,64,3072,3072,CDNA4_SCALE,39600,4760,128/256/2/4,128/256/2/4,True,,762.4,762.4,True
1,32,1024,1024,128,6144,3072,CDNA4_SCALE,504,32768,128/256/2/8,128/256/2/4,True,,1050.5,787.9,False
1,32,1024,1024,128,3072,3072,CDNA4_SCALE,504,32768,128/256/2/8,128/256/2/4,True,,1050.5,787.9,False
1,32,1024,1024,32,6144,3072,CDNA4_SCALE,6048,3488,128/256/2/4,128/256/2/4,True,,801.3,801.3,True
1,32,1024,1024,32,3072,3072,CDNA4_SCALE,6048,3488,128/256/2/4,128/256/2/4,True,,730.1,730.1,True
1,32,1024,1024,16,5760,2880,CDNA4_SCALE,7488,752,64/512/2/4,64/512/2/4,True,,385.3,385.3,True
1,32,1024,1024,16,2880,2880,CDNA4_SCALE,7488,752,64/512/2/4,64/512/2/4,True,,343.7,343.7,True
1,32,1024,1024,64,6144,3072,CDNA4_SCALE,324,7516,256/256/2/8,128/256/2/4,True,,1036.5,916.6,False
1,32,1024,1024,64,3072,3072,CDNA4_SCALE,324,7516,128/256/2/4,128/256/2/4,True,,841.8,841.8,True
1,4,1024,1024,128,6144,3072,CDNA4_SCALE,108,11896,128/256/2/8,128/256/2/4,True,,985.2,738.9,False
1,4,1024,1024,128,3072,3072,CDNA4_SCALE,108,11896,128/256/2/8,128/256/2/4,True,,985.2,738.9,False
1,4,1024,1024,32,6144,3072,CDNA4_SCALE,4500,3136,128/256/2/4,128/256/2/4,True,,791.2,791.2,True
1,4,1024,1024,32,3072,3072,CDNA4_SCALE,4500,3136,128/256/2/4,128/256/2/4,True,,714.1,714.1,True
1,4,1024,1024,16,5760,2880,CDNA4_SCALE,7488,752,64/512/2/4,64/512/2/4,True,,385.3,385.3,True
1,4,1024,1024,16,2880,2880,CDNA4_SCALE,7488,752,64/512/2/4,64/512/2/4,True,,343.7,343.7,True
1,4,1024,1024,64,6144,3072,CDNA4_SCALE,36,7212,256/256/2/8,128/256/2/4,True,,1133.5,920.6,False
1,4,1024,1024,64,3072,3072,CDNA4_SCALE,36,7212,128/256/2/4,128/256/2/4,True,,920.6,920.6,True
1,64,1024,1024,128,6144,3072,CDNA4_SCALE,1368,32768,128/256/2/8,128/256/2/4,True,,1050.5,787.9,False
1,64,1024,1024,128,3072,3072,CDNA4_SCALE,1368,32768,128/256/2/8,128/256/2/4,True,,1050.5,787.9,False
1,64,1024,1024,32,6144,3072,CDNA4_SCALE,6624,3616,128/256/2/4,128/256/2/4,True,,784.6,784.6,True
1,64,1024,1024,32,3072,3072,CDNA4_SCALE,6624,3616,128/256/2/4,128/256/2/4,True,,784.6,784.6,True
1,64,1024,1024,16,5760,2880,CDNA4_SCALE,7488,752,64/512/2/4,64/512/2/4,True,,385.3,385.3,True
1,64,1024,1024,16,2880,2880,CDNA4_SCALE,7488,752,64/512/2/4,64/512/2/4,True,,343.7,343.7,True
1,64,1024,1024,64,6144,3072,CDNA4_SCALE,4068,4332,256/256/2/8,128/256/2/4,True,,1011.8,953.0,False
1,64,1024,1024,64,3072,3072,CDNA4_SCALE,4068,4332,128/256/2/4,128/256/2/4,True,,821.7,821.7,True
1,8,1024,1024,128,6144,3072,CDNA4_SCALE,144,25770,128/256/2/8,128/256/2/4,True,,1040.2,780.1,False
1,8,1024,1024,128,3072,3072,CDNA4_SCALE,144,25770,128/256/2/8,128/256/2/4,True,,1040.2,780.1,False
1,8,1024,1024,32,6144,3072,CDNA4_SCALE,4572,3136,128/256/2/4,128/256/2/4,True,,791.2,791.2,True
1,8,1024,1024,32,3072,3072,CDNA4_SCALE,4572,3136,128/256/2/4,128/256/2/4,True,,714.1,714.1,True
1,8,1024,1024,16,5760,2880,CDNA4_SCALE,7488,752,64/512/2/4,64/512/2/4,True,,385.3,385.3,True
1,8,1024,1024,16,2880,2880,CDNA4_SCALE,7488,752,64/512/2/4,64/512/2/4,True,,343.7,343.7,True
2,128,1024,1024,128,3072,3072,CDNA4_SCALE,7344,19264,128/256/2/8,128/256/2/4,True,,932.6,699.4,False
2,128,1024,1024,128,3072,1536,CDNA4_SCALE,7344,19264,128/256/2/8,128/256/2/4,True,,883.7,662.8,False
2,128,1024,1024,32,3072,3072,CDNA4_SCALE,18432,4102,128/256/2/4,128/256/2/4,True,,727.5,727.5,True
2,128,1024,1024,32,3072,1536,CDNA4_SCALE,18432,4102,128/256/2/4,128/256/2/4,True,,683.0,683.0,True
2,128,1024,1024,16,2880,2880,CDNA4_SCALE,14976,752,64/512/2/4,64/512/2/4,True,,343.7,343.7,True
2,128,1024,1024,16,2880,1440,CDNA4_SCALE,14976,752,64/512/2/4,128/512/2/4,True,,305.7,346.3,False
2,128,1024,1024,64,3072,3072,CDNA4_SCALE,33840,4464,128/256/2/4,128/256/2/4,True,,871.7,871.7,True
2,128,1024,1024,64,3072,1536,CDNA4_SCALE,33840,4464,128/256/2/4,128/256/2/4,True,,821.6,821.6,True
2,16,1024,1024,128,3072,3072,CDNA4_SCALE,504,32768,128/256/2/8,128/256/2/4,True,,1050.5,787.9,False
2,16,1024,1024,128,3072,1536,CDNA4_SCALE,504,32768,128/256/2/8,128/256/2/4,True,,995.5,746.6,False
2,16,1024,1024,32,3072,3072,CDNA4_SCALE,10008,3264,128/256/2/4,128/256/2/4,True,,773.6,773.6,True
2,16,1024,1024,32,3072,1536,CDNA4_SCALE,10008,3264,128/256/2/4,128/256/2/4,True,,726.3,726.3,True
2,16,1024,1024,16,2880,2880,CDNA4_SCALE,14976,752,64/512/2/4,64/512/2/4,True,,343.7,343.7,True
2,16,1024,1024,16,2880,1440,CDNA4_SCALE,14976,752,64/512/2/4,128/512/2/4,True,,305.7,346.3,False
2,16,1024,1024,64,3072,3072,CDNA4_SCALE,72,7464,128/256/2/4,128/256/2/4,True,,986.5,986.5,True
2,16,1024,1024,64,3072,1536,CDNA4_SCALE,72,7464,128/256/2/4,128/256/2/4,True,,929.8,929.8,True
2,256,1024,1024,128,3072,3072,CDNA4_SCALE,33552,12058,128/256/2/8,128/256/2/4,True,,1020.1,765.1,False
2,256,1024,1024,128,3072,1536,CDNA4_SCALE,33552,12058,128/256/2/8,128/256/2/4,True,,966.7,725.0,False
2,256,1024,1024,32,3072,3072,CDNA4_SCALE,9000,3136,128/256/2/4,128/256/2/4,True,,714.1,714.1,True
2,256,1024,1024,32,3072,1536,CDNA4_SCALE,9000,3136,128/256/2/4,128/256/2/4,True,,670.4,670.4,True
2,256,1024,1024,16,2880,2880,CDNA4_SCALE,14976,752,64/512/2/4,64/512/2/4,True,,343.7,343.7,True
2,256,1024,1024,16,2880,1440,CDNA4_SCALE,14976,752,64/512/2/4,128/512/2/4,True,,305.7,346.3,False
2,256,1024,1024,64,3072,3072,CDNA4_SCALE,80208,4744,128/256/2/4,128/256/2/4,True,,759.9,759.9,True
2,256,1024,1024,64,3072,1536,CDNA4_SCALE,80208,4744,128/256/2/4,128/256/2/4,True,,716.2,716.2,True
2,32,1024,1024,128,3072,3072,CDNA4_SCALE,1008,32768,128/256/2/8,128/256/2/4,True,,1050.5,787.9,False
2,32,1024,1024,128,3072,1536,CDNA4_SCALE,1008,32768,128/256/2/8,128/256/2/4,True,,995.5,746.6,False
2,32,1024,1024,32,3072,3072,CDNA4_SCALE,12312,3520,128/256/2/4,128/256/2/4,True,,743.5,743.5,True
2,32,1024,1024,32,3072,1536,CDNA4_SCALE,12312,3520,128/256/2/4,128/256/2/4,True,,698.1,698.1,True
2,32,1024,1024,16,2880,2880,CDNA4_SCALE,14976,752,64/512/2/4,64/512/2/4,True,,343.7,343.7,True
2,32,1024,1024,16,2880,1440,CDNA4_SCALE,14976,752,64/512/2/4,128/512/2/4,True,,305.7,346.3,False
2,32,1024,1024,64,3072,3072,CDNA4_SCALE,1080,7148,128/256/2/4,128/256/2/4,True,,904.3,904.3,True
2,32,1024,1024,64,3072,1536,CDNA4_SCALE,1080,7148,128/256/2/4,128/256/2/4,True,,852.4,852.4,True
2,4,1024,1024,128,3072,3072,CDNA4_SCALE,216,11896,128/256/2/8,128/256/2/4,True,,985.2,738.9,False
2,4,1024,1024,128,3072,1536,CDNA4_SCALE,216,11896,128/256/2/8,128/256/2/4,True,,933.6,700.2,False
2,4,1024,1024,32,3072,3072,CDNA4_SCALE,9000,3136,128/256/2/4,128/256/2/4,True,,714.1,714.1,True
2,4,1024,1024,32,3072,1536,CDNA4_SCALE,9000,3136,128/256/2/4,128/256/2/4,True,,670.4,670.4,True
2,4,1024,1024,16,2880,2880,CDNA4_SCALE,14976,752,64/512/2/4,64/512/2/4,True,,343.7,343.7,True
2,4,1024,1024,16,2880,1440,CDNA4_SCALE,14976,752,64/512/2/4,128/512/2/4,True,,305.7,346.3,False
2,4,1024,1024,64,3072,3072,CDNA4_SCALE,72,7936,128/256/2/4,128/256/2/4,True,,934.1,934.1,True
2,4,1024,1024,64,3072,1536,CDNA4_SCALE,72,7936,128/256/2/4,128/256/2/4,True,,880.4,880.4,True
2,64,1024,1024,128,3072,3072,CDNA4_SCALE,2232,32768,128/256/2/8,128/256/2/4,True,,1050.5,787.9,False
2,64,1024,1024,128,3072,1536,CDNA4_SCALE,2232,32768,128/256/2/8,128/256/2/4,True,,995.5,746.6,False
2,64,1024,1024,32,3072,3072,CDNA4_SCALE,13392,3648,128/256/2/4,128/256/2/4,True,,798.6,798.6,True
2,64,1024,1024,32,3072,1536,CDNA4_SCALE,13392,3648,128/256/2/4,128/256/2/4,True,,749.7,749.7,True
2,64,1024,1024,16,2880,2880,CDNA4_SCALE,14976,752,64/512/2/4,64/512/2/4,True,,343.7,343.7,True
2,64,1024,1024,16,2880,1440,CDNA4_SCALE,14976,752,64/512/2/4,128/512/2/4,True,,305.7,346.3,False
2,64,1024,1024,64,3072,3072,CDNA4_SCALE,8856,4328,128/256/2/4,128/256/2/4,True,,821.0,821.0,True
2,64,1024,1024,64,3072,1536,CDNA4_SCALE,8856,4328,128/256/2/4,128/256/2/4,True,,773.8,773.8,True
2,8,1024,1024,128,3072,3072,CDNA4_SCALE,288,23792,128/256/2/8,128/256/2/4,True,,985.2,738.9,False
2,8,1024,1024,128,3072,1536,CDNA4_SCALE,288,23792,128/256/2/8,128/256/2/4,True,,933.6,700.2,False
2,8,1024,1024,32,3072,3072,CDNA4_SCALE,9144,3136,128/256/2/4,128/256/2/4,True,,714.1,714.1,True
2,8,1024,1024,32,3072,1536,CDNA4_SCALE,9144,3136,128/256/2/4,128/256/2/4,True,,670.4,670.4,True
2,8,1024,1024,16,2880,2880,CDNA4_SCALE,14976,752,64/512/2/4,64/512/2/4,True,,343.7,343.7,True
2,8,1024,1024,16,2880,1440,CDNA4_SCALE,14976,752,64/512/2/4,128/512/2/4,True,,305.7,346.3,False
2,8,1024,1024,64,3072,3072,CDNA4_SCALE,72,7076,128/256/2/4,128/256/2/4,True,,887.2,887.2,True
2,8,1024,1024,64,3072,1536,CDNA4_SCALE,72,7076,128/256/2/4,128/256/2/4,True,,836.3,836.3,True
4,128,1024,1024,128,1536,3072,None,15696,15672,128/256/2/8,128/256/2/4,True,,965.6,724.2,False
4,128,1024,1024,128,3072,768,None,15696,15672,128/256/2/8,128/256/2/4,True,,821.4,616.1,False
4,128,1024,1024,32,1536,3072,None,38160,4104,64/256/2/4,128/256/2/4,True,,437.3,627.6,False
4,128,1024,1024,32,3072,768,None,38160,4104,128/256/2/4,128/256/2/4,True,,596.3,596.3,True
4,128,1024,1024,16,1440,2880,None,29952,752,256/256/2/4,64/512/2/4,True,,168.2,284.6,False
4,128,1024,1024,16,2880,720,None,29952,752,64/512/2/4,64/128/3/4,False,BK=128,258.8,165.8,False
4,128,1024,1024,64,1536,3072,None,63648,4478,64/256/2/4,128/256/2/4,True,,471.8,669.5,False
4,128,1024,1024,64,3072,768,None,63648,4478,128/256/2/4,128/256/2/4,True,,729.2,729.2,True
4,16,1024,1024,128,1536,3072,None,1008,31716,128/256/2/8,128/256/2/4,True,,985.0,738.8,False
4,16,1024,1024,128,3072,768,None,1008,31716,128/256/2/8,128/256/2/4,True,,837.9,628.5,False
4,16,1024,1024,32,1536,3072,None,20016,3264,64/256/2/4,128/256/2/4,True,,464.8,773.6,False
4,16,1024,1024,32,3072,768,None,20016,3264,128/256/2/4,128/256/2/4,True,,633.8,633.8,True
4,16,1024,1024,16,1440,2880,None,29952,752,256/256/2/4,64/512/2/4,True,,168.2,284.6,False
4,16,1024,1024,16,2880,720,None,29952,752,64/512/2/4,64/128/3/4,False,BK=128,258.8,165.8,False
4,16,1024,1024,64,1536,3072,None,288,7438,64/256/2/4,128/256/2/4,True,,530.5,826.0,False
4,16,1024,1024,64,3072,768,None,288,7438,128/256/2/4,128/256/2/4,True,,819.8,819.8,True
4,256,1024,1024,128,1536,3072,None,64224,12050,128/256/2/8,128/256/2/4,True,,825.8,619.3,False
4,256,1024,1024,128,3072,768,None,64224,12050,128/256/2/8,128/256/2/4,True,,867.2,650.4,False
4,256,1024,1024,32,1536,3072,None,18000,3136,64/256/2/4,128/256/2/4,True,,429.0,714.1,False
4,256,1024,1024,32,3072,768,None,18000,3136,128/256/2/4,128/256/2/4,True,,585.0,585.0,True
4,256,1024,1024,16,1440,2880,None,29952,752,256/256/2/4,64/512/2/4,True,,168.2,284.6,False
4,256,1024,1024,16,2880,720,None,29952,752,64/512/2/4,64/128/3/4,False,BK=128,258.8,165.8,False
4,256,1024,1024,64,1536,3072,None,165024,4762,64/256/2/4,128/256/2/4,True,,411.6,762.8,False
4,256,1024,1024,64,3072,768,None,165024,4762,128/256/2/4,128/256/2/4,True,,636.1,636.1,True
4,32,1024,1024,128,1536,3072,None,1872,32768,128/256/2/8,128/256/2/4,True,,1050.5,787.9,False
4,32,1024,1024,128,3072,768,None,1872,32768,128/256/2/8,128/256/2/4,True,,893.7,670.2,False
4,32,1024,1024,32,1536,3072,None,24048,3456,64/256/2/4,128/256/2/4,True,,430.6,602.3,False
4,32,1024,1024,32,3072,768,None,24048,3456,128/256/2/4,128/256/2/4,True,,587.2,587.2,True
4,32,1024,1024,16,1440,2880,None,29952,752,256/256/2/4,64/512/2/4,True,,168.2,284.6,False
4,32,1024,1024,16,2880,720,None,29952,752,64/512/2/4,64/128/3/4,False,BK=128,258.8,165.8,False
4,32,1024,1024,64,1536,3072,None,1872,7516,64/256/2/4,128/256/2/4,True,,454.3,841.8,False
4,32,1024,1024,64,3072,768,None,1872,7516,128/256/2/4,128/256/2/4,True,,702.1,702.1,True
4,4,1024,1024,128,1536,3072,None,288,22122,128/256/2/8,128/256/2/4,True,,852.1,639.0,False
4,4,1024,1024,128,3072,768,None,288,22122,128/256/2/8,128/256/2/4,True,,812.6,609.5,False
4,4,1024,1024,32,1536,3072,None,18000,3136,64/256/2/4,128/256/2/4,True,,429.0,714.1,False
4,4,1024,1024,32,3072,768,None,18000,3136,128/256/2/4,128/256/2/4,True,,585.0,585.0,True
4,4,1024,1024,16,1440,2880,None,29952,752,256/256/2/4,64/512/2/4,True,,168.2,284.6,False
4,4,1024,1024,16,2880,720,None,29952,752,64/512/2/4,64/128/3/4,False,BK=128,258.8,165.8,False
4,4,1024,1024,64,1536,3072,None,288,7932,64/256/2/4,128/256/2/4,True,,503.8,933.6,False
4,4,1024,1024,64,3072,768,None,288,7932,128/256/2/4,128/256/2/4,True,,778.6,778.6,True
4,64,1024,1024,128,1536,3072,None,4176,32768,128/256/2/8,128/256/2/4,True,,1050.5,787.9,False
4,64,1024,1024,128,3072,768,None,4176,32768,128/256/2/8,128/256/2/4,True,,893.7,670.2,False
4,64,1024,1024,32,1536,3072,None,27216,3648,64/256/2/4,128/256/2/4,True,,479.8,671.0,False
4,64,1024,1024,32,3072,768,None,27216,3648,128/256/2/4,128/256/2/4,True,,654.3,654.3,True
4,64,1024,1024,16,1440,2880,None,29952,752,256/256/2/4,64/512/2/4,True,,168.2,284.6,False
4,64,1024,1024,16,2880,720,None,29952,752,64/512/2/4,64/128/3/4,False,BK=128,258.8,165.8,False
4,64,1024,1024,64,1536,3072,None,19152,4344,64/256/2/4,128/256/2/4,True,,444.6,630.9,False
4,64,1024,1024,64,3072,768,None,19152,4344,128/256/2/4,128/256/2/4,True,,687.2,687.2,True
4,8,1024,1024,128,1536,3072,None,720,19824,128/256/2/8,128/256/2/4,True,,865.8,649.4,False
4,8,1024,1024,128,3072,768,None,720,19824,128/256/2/8,128/256/2/4,True,,838.0,628.5,False
4,8,1024,1024,32,1536,3072,None,18288,3136,64/256/2/4,128/256/2/4,True,,429.0,714.1,False
4,8,1024,1024,32,3072,768,None,18288,3136,128/256/2/4,128/256/2/4,True,,585.0,585.0,True
4,8,1024,1024,16,1440,2880,None,29952,752,256/256/2/4,64/512/2/4,True,,168.2,284.6,False
4,8,1024,1024,16,2880,720,None,29952,752,64/512/2/4,64/128/3/4,False,BK=128,258.8,165.8,False
4,8,1024,1024,64,1536,3072,None,144,7952,64/256/2/4,128/256/2/4,True,,509.1,943.5,False
4,8,1024,1024,64,3072,768,None,144,7952,128/256/2/4,128/256/2/4,True,,786.9,786.9,True
8,128,1024,1024,128,1024,3072,None,32544,15884,128/256/2/8,,False,<no-json-entry>,994.6,,False
8,128,1024,1024,128,3072,512,None,32544,15884,128/256/2/8,,False,<no-json-entry>,769.0,,False
8,128,1024,1024,32,1024,3072,None,72576,4100,128/256/2/4,,False,<no-json-entry>,546.2,,False
8,128,1024,1024,32,3072,512,None,72576,4100,128/256/2/4,,False,<no-json-entry>,530.9,,False
8,128,1024,1024,16,720,2880,None,59904,752,128/512/2/4,64/512/2/4,True,,164.9,206.2,False
8,128,1024,1024,16,2880,360,None,59904,752,64/512/3/4,64/128/3/4,False,BK=128,233.2,143.5,False
8,128,1024,1024,64,1024,3072,None,129600,4480,128/256/2/4,,False,<no-json-entry>,529.2,,False
8,128,1024,1024,64,3072,512,None,129600,4480,128/256/2/4,,False,<no-json-entry>,656.2,,False
8,16,1024,1024,128,1024,3072,None,2016,31716,128/256/2/8,,False,<no-json-entry>,985.0,,False
8,16,1024,1024,128,3072,512,None,2016,31716,128/256/2/8,,False,<no-json-entry>,761.6,,False
8,16,1024,1024,32,1024,3072,None,40032,3264,128/256/2/4,,False,<no-json-entry>,537.2,,False
8,16,1024,1024,32,3072,512,None,40032,3264,128/256/2/4,,False,<no-json-entry>,564.7,,False
8,16,1024,1024,16,720,2880,None,59904,752,128/512/2/4,64/512/2/4,True,,164.9,206.2,False
8,16,1024,1024,16,2880,360,None,59904,752,64/512/3/4,64/128/3/4,False,BK=128,233.2,143.5,False
8,16,1024,1024,64,1024,3072,None,576,7622,128/256/2/4,,False,<no-json-entry>,868.2,,False
8,16,1024,1024,64,3072,512,None,576,7622,128/256/2/4,,False,<no-json-entry>,651.2,,False
8,256,1024,1024,128,1024,3072,None,131040,12232,128/256/2/8,,False,<no-json-entry>,1045.7,,False
8,256,1024,1024,128,3072,512,None,131040,12232,128/256/2/8,,False,<no-json-entry>,808.5,,False
8,256,1024,1024,32,1024,3072,None,36000,3136,128/256/2/4,,False,<no-json-entry>,495.9,,False
8,256,1024,1024,32,3072,512,None,36000,3136,128/256/2/4,,False,<no-json-entry>,521.3,,False
8,256,1024,1024,16,720,2880,None,59904,752,128/512/2/4,64/512/2/4,True,,164.9,206.2,False
8,256,1024,1024,16,2880,360,None,59904,752,64/512/3/4,64/128/3/4,False,BK=128,233.2,143.5,False
8,256,1024,1024,64,1024,3072,None,310752,4756,128/256/2/4,,False,<no-json-entry>,601.9,,False
8,256,1024,1024,64,3072,512,None,310752,4756,128/256/2/4,,False,<no-json-entry>,571.4,,False
8,32,1024,1024,128,1024,3072,None,4032,32768,128/256/2/8,,False,<no-json-entry>,1050.5,,False
8,32,1024,1024,128,3072,512,None,4032,32768,128/256/2/8,,False,<no-json-entry>,812.2,,False
8,32,1024,1024,32,1024,3072,None,48672,3520,128/256/2/4,,False,<no-json-entry>,624.8,,False
8,32,1024,1024,32,3072,512,None,48672,3520,128/256/2/4,,False,<no-json-entry>,542.8,,False
8,32,1024,1024,16,720,2880,None,59904,752,128/512/2/4,64/512/2/4,True,,164.9,206.2,False
8,32,1024,1024,16,2880,360,None,59904,752,64/512/3/4,64/128/3/4,False,BK=128,233.2,143.5,False
8,32,1024,1024,64,1024,3072,None,2880,7214,128/256/2/4,,False,<no-json-entry>,773.8,,False
8,32,1024,1024,64,3072,512,None,2880,7214,128/256/2/4,,False,<no-json-entry>,690.7,,False
8,4,1024,1024,128,1024,3072,None,1152,13876,128/256/2/8,,False,<no-json-entry>,757.7,,False
8,4,1024,1024,128,3072,512,None,1152,13876,128/256/2/8,,False,<no-json-entry>,697.2,,False
8,4,1024,1024,32,1024,3072,None,36000,3136,128/256/2/4,,False,<no-json-entry>,495.9,,False
8,4,1024,1024,32,3072,512,None,36000,3136,128/256/2/4,,False,<no-json-entry>,521.3,,False
8,4,1024,1024,16,720,2880,None,59904,752,128/512/2/4,64/512/2/4,True,,164.9,206.2,False
8,4,1024,1024,16,2880,360,None,59904,752,64/512/3/4,64/128/3/4,False,BK=128,233.2,143.5,False
8,64,1024,1024,128,1024,3072,None,8640,32768,128/256/2/8,,False,<no-json-entry>,1050.5,,False
8,64,1024,1024,128,3072,512,None,8640,32768,128/256/2/8,,False,<no-json-entry>,812.2,,False
8,64,1024,1024,32,1024,3072,None,53856,3648,128/256/2/4,,False,<no-json-entry>,671.0,,False
8,64,1024,1024,32,3072,512,None,53856,3648,128/256/2/4,,False,<no-json-entry>,583.0,,False
8,64,1024,1024,16,720,2880,None,59904,752,128/512/2/4,64/512/2/4,True,,164.9,206.2,False
8,64,1024,1024,16,2880,360,None,59904,752,64/512/3/4,64/128/3/4,False,BK=128,233.2,143.5,False
8,64,1024,1024,64,1024,3072,None,33984,4332,128/256/2/4,,False,<no-json-entry>,497.1,,False
8,64,1024,1024,64,3072,512,None,33984,4332,128/256/2/4,,False,<no-json-entry>,616.4,,False
8,8,1024,1024,128,1024,3072,None,1152,25772,128/256/2/8,,False,<no-json-entry>,851.5,,False
8,8,1024,1024,128,3072,512,None,1152,25772,128/256/2/8,,False,<no-json-entry>,804.3,,False
8,8,1024,1024,32,1024,3072,None,36576,3136,128/256/2/4,,False,<no-json-entry>,495.9,,False
8,8,1024,1024,32,3072,512,None,36576,3136,128/256/2/4,,False,<no-json-entry>,521.3,,False
8,8,1024,1024,16,720,2880,None,59904,752,128/512/2/4,64/512/2/4,True,,164.9,206.2,False
8,8,1024,1024,16,2880,360,None,59904,752,64/512/3/4,64/128/3/4,False,BK=128,233.2,143.5,False
8,8,1024,1024,64,1024,3072,None,288,6880,128/256/2/4,,False,<no-json-entry>,705.3,,False
8,8,1024,1024,64,3072,512,None,288,6880,128/256/2/4,,False,<no-json-entry>,629.6,,False
1,128,8192,1024,128,6144,3072,CDNA4_SCALE,53748,32588,128/256/2/8,128/256/2/4,True,,1040.7,780.5,False
1,128,8192,1024,128,3072,3072,CDNA4_SCALE,53748,32588,128/256/2/8,128/256/2/4,True,,1040.7,780.5,False
1,128,8192,1024,32,6144,3072,CDNA4_SCALE,4500,3136,128/256/2/4,128/256/2/4,True,,791.2,791.2,True
1,128,8192,1024,32,3072,3072,CDNA4_SCALE,4500,3136,128/256/2/4,128/256/2/4,True,,714.1,714.1,True
1,128,8192,1024,16,5760,2880,CDNA4_SCALE,7488,752,64/512/2/4,64/512/2/4,True,,385.3,385.3,True
1,128,8192,1024,16,2880,2880,CDNA4_SCALE,7488,752,64/512/2/4,64/512/2/4,True,,343.7,343.7,True
1,128,8192,1024,64,6144,3072,CDNA4_SCALE,72,6034,256/256/2/8,128/256/2/4,True,,1191.0,967.3,False
1,128,8192,1024,64,3072,3072,CDNA4_SCALE,72,6034,128/256/2/4,128/256/2/4,True,,967.3,967.3,True
1,16,8192,1024,128,6144,3072,CDNA4_SCALE,6840,29926,128/256/2/8,128/256/2/4,True,,1043.7,782.7,False
1,16,8192,1024,128,3072,3072,CDNA4_SCALE,6840,29926,128/256/2/8,128/256/2/4,True,,1043.7,782.7,False
1,16,8192,1024,32,6144,3072,CDNA4_SCALE,4500,3136,128/256/2/4,128/256/2/4,True,,791.2,791.2,True
1,16,8192,1024,32,3072,3072,CDNA4_SCALE,4500,3136,128/256/2/4,128/256/2/4,True,,714.1,714.1,True
1,16,8192,1024,16,5760,2880,CDNA4_SCALE,7488,752,64/512/2/4,64/512/2/4,True,,385.3,385.3,True
1,16,8192,1024,16,2880,2880,CDNA4_SCALE,7488,752,64/512/2/4,64/512/2/4,True,,343.7,343.7,True
1,256,8192,1024,128,6144,3072,CDNA4_SCALE,107244,32768,128/256/2/8,128/256/2/4,True,,1050.5,787.9,False
1,256,8192,1024,128,3072,3072,CDNA4_SCALE,107244,32768,128/256/2/8,128/256/2/4,True,,1050.5,787.9,False
1,256,8192,1024,32,6144,3072,CDNA4_SCALE,4500,3136,128/256/2/4,128/256/2/4,True,,791.2,791.2,True
1,256,8192,1024,32,3072,3072,CDNA4_SCALE,4500,3136,128/256/2/4,128/256/2/4,True,,714.1,714.1,True
1,256,8192,1024,16,5760,2880,CDNA4_SCALE,7488,752,64/512/2/4,64/512/2/4,True,,385.3,385.3,True
1,256,8192,1024,16,2880,2880,CDNA4_SCALE,7488,752,64/512/2/4,64/512/2/4,True,,343.7,343.7,True
1,256,8192,1024,64,6144,3072,CDNA4_SCALE,324,6472,256/256/2/8,128/256/2/4,True,,1111.0,902.3,False
1,256,8192,1024,64,3072,3072,CDNA4_SCALE,324,6472,128/256/2/4,128/256/2/4,True,,902.3,902.3,True
1,32,8192,1024,128,6144,3072,CDNA4_SCALE,13536,30650,128/256/2/8,128/256/2/4,True,,1048.1,786.1,False
1,32,8192,1024,128,3072,3072,CDNA4_SCALE,13536,30650,128/256/2/8,128/256/2/4,True,,1003.1,752.3,False
1,32,8192,1024,32,6144,3072,CDNA4_SCALE,4500,3136,128/256/2/4,128/256/2/4,True,,791.2,791.2,True
1,32,8192,1024,32,3072,3072,CDNA4_SCALE,4500,3136,128/256/2/4,128/256/2/4,True,,714.1,714.1,True
1,32,8192,1024,16,5760,2880,CDNA4_SCALE,7488,752,64/512/2/4,64/512/2/4,True,,385.3,385.3,True
1,32,8192,1024,16,2880,2880,CDNA4_SCALE,7488,752,64/512/2/4,64/512/2/4,True,,343.7,343.7,True
1,4,8192,1024,128,6144,3072,CDNA4_SCALE,1764,29332,128/256/2/8,128/256/2/4,True,,1005.5,754.1,False
1,4,8192,1024,128,3072,3072,CDNA4_SCALE,1764,29332,128/256/2/8,128/256/2/4,True,,1005.5,754.1,False
1,4,8192,1024,32,6144,3072,CDNA4_SCALE,4500,3136,128/256/2/4,128/256/2/4,True,,791.2,791.2,True
1,4,8192,1024,32,3072,3072,CDNA4_SCALE,4500,3136,128/256/2/4,128/256/2/4,True,,714.1,714.1,True
1,4,8192,1024,16,5760,2880,CDNA4_SCALE,7488,752,64/512/2/4,64/512/2/4,True,,385.3,385.3,True
1,4,8192,1024,16,2880,2880,CDNA4_SCALE,7488,752,64/512/2/4,64/512/2/4,True,,343.7,343.7,True
1,64,8192,1024,128,6144,3072,CDNA4_SCALE,26964,31360,128/256/2/8,128/256/2/4,True,,1047.7,785.8,False
1,64,8192,1024,128,3072,3072,CDNA4_SCALE,26964,31360,128/256/2/8,128/256/2/4,True,,1047.7,785.8,False
1,64,8192,1024,32,6144,3072,CDNA4_SCALE,4500,3136,128/256/2/4,128/256/2/4,True,,791.2,791.2,True
1,64,8192,1024,32,3072,3072,CDNA4_SCALE,4500,3136,128/256/2/4,128/256/2/4,True,,714.1,714.1,True
1,64,8192,1024,16,5760,2880,CDNA4_SCALE,7488,752,64/512/2/4,64/512/2/4,True,,385.3,385.3,True
1,64,8192,1024,16,2880,2880,CDNA4_SCALE,7488,752,64/512/2/4,64/512/2/4,True,,343.7,343.7,True
1,8,8192,1024,128,6144,3072,CDNA4_SCALE,3420,29444,128/256/2/8,128/256/2/4,True,,1013.7,760.3,False
1,8,8192,1024,128,3072,3072,CDNA4_SCALE,3420,29444,128/256/2/8,128/256/2/4,True,,1013.7,760.3,False
1,8,8192,1024,32,6144,3072,CDNA4_SCALE,4500,3136,128/256/2/4,128/256/2/4,True,,791.2,791.2,True
1,8,8192,1024,32,3072,3072,CDNA4_SCALE,4500,3136,128/256/2/4,128/256/2/4,True,,714.1,714.1,True
1,8,8192,1024,16,5760,2880,CDNA4_SCALE,7488,752,64/512/2/4,64/512/2/4,True,,385.3,385.3,True
1,8,8192,1024,16,2880,2880,CDNA4_SCALE,7488,752,64/512/2/4,64/512/2/4,True,,343.7,343.7,True
1,8,8192,1024,64,6144,3072,CDNA4_SCALE,72,6140,256/256/2/8,128/256/2/4,True,,1224.7,994.7,False
1,8,8192,1024,64,3072,3072,CDNA4_SCALE,72,6140,128/256/2/4,128/256/2/4,True,,994.7,994.7,True
2,128,8192,1024,128,3072,3072,CDNA4_SCALE,107136,32768,128/256/2/8,128/256/2/4,True,,1050.5,787.9,False
2,128,8192,1024,128,3072,1536,CDNA4_SCALE,107136,32768,128/256/2/8,128/256/2/4,True,,995.5,746.6,False
2,128,8192,1024,32,3072,3072,CDNA4_SCALE,9072,3136,128/256/2/4,128/256/2/4,True,,714.1,714.1,True
2,128,8192,1024,32,3072,1536,CDNA4_SCALE,9072,3136,128/256/2/4,128/256/2/4,True,,670.4,670.4,True
2,128,8192,1024,16,2880,2880,CDNA4_SCALE,14976,752,64/512/2/4,64/512/2/4,True,,343.7,343.7,True
2,128,8192,1024,16,2880,1440,CDNA4_SCALE,14976,752,64/512/2/4,128/512/2/4,True,,305.7,346.3,False
2,128,8192,1024,64,3072,3072,CDNA4_SCALE,144,7664,128/256/2/4,128/256/2/4,True,,873.0,873.0,True
2,128,8192,1024,64,3072,1536,CDNA4_SCALE,144,7664,128/256/2/4,128/256/2/4,True,,822.8,822.8,True
2,16,8192,1024,128,3072,3072,CDNA4_SCALE,13680,30042,128/256/2/8,128/256/2/4,True,,962.7,722.0,False
2,16,8192,1024,128,3072,1536,CDNA4_SCALE,13680,30042,128/256/2/8,128/256/2/4,True,,912.2,684.2,False
2,16,8192,1024,32,3072,3072,CDNA4_SCALE,9000,3136,128/256/2/4,128/256/2/4,True,,714.1,714.1,True
2,16,8192,1024,32,3072,1536,CDNA4_SCALE,9000,3136,128/256/2/4,128/256/2/4,True,,670.4,670.4,True
2,16,8192,1024,16,2880,2880,CDNA4_SCALE,14976,752,64/512/2/4,64/512/2/4,True,,343.7,343.7,True
2,16,8192,1024,16,2880,1440,CDNA4_SCALE,14976,752,64/512/2/4,128/512/2/4,True,,305.7,346.3,False
2,256,8192,1024,128,3072,3072,CDNA4_SCALE,213912,32768,128/256/2/8,128/256/2/4,True,,1050.5,787.9,False
2,256,8192,1024,128,3072,1536,CDNA4_SCALE,213912,32768,128/256/2/8,128/256/2/4,True,,995.5,746.6,False
2,256,8192,1024,32,3072,3072,CDNA4_SCALE,9072,3136,128/256/2/4,128/256/2/4,True,,714.1,714.1,True
2,256,8192,1024,32,3072,1536,CDNA4_SCALE,9072,3136,128/256/2/4,128/256/2/4,True,,670.4,670.4,True
2,256,8192,1024,16,2880,2880,CDNA4_SCALE,14976,752,64/512/2/4,64/512/2/4,True,,343.7,343.7,True
2,256,8192,1024,16,2880,1440,CDNA4_SCALE,14976,752,64/512/2/4,128/512/2/4,True,,305.7,346.3,False
2,256,8192,1024,64,3072,3072,CDNA4_SCALE,288,7278,128/256/2/4,128/256/2/4,True,,937.2,937.2,True
2,256,8192,1024,64,3072,1536,CDNA4_SCALE,288,7278,128/256/2/4,128/256/2/4,True,,883.4,883.4,True
2,32,8192,1024,128,3072,3072,CDNA4_SCALE,27072,30750,128/256/2/8,128/256/2/4,True,,1010.5,757.9,False
2,32,8192,1024,128,3072,1536,CDNA4_SCALE,27072,30750,128/256/2/8,128/256/2/4,True,,957.6,718.2,False
2,32,8192,1024,32,3072,3072,CDNA4_SCALE,9000,3136,128/256/2/4,128/256/2/4,True,,714.1,714.1,True
2,32,8192,1024,32,3072,1536,CDNA4_SCALE,9000,3136,128/256/2/4,128/256/2/4,True,,670.4,670.4,True
2,32,8192,1024,16,2880,2880,CDNA4_SCALE,14976,752,64/512/2/4,64/512/2/4,True,,343.7,343.7,True
2,32,8192,1024,16,2880,1440,CDNA4_SCALE,14976,752,64/512/2/4,128/512/2/4,True,,305.7,346.3,False
2,4,8192,1024,128,3072,3072,CDNA4_SCALE,3528,29276,128/256/2/8,128/256/2/4,True,,999.2,749.4,False
2,4,8192,1024,128,3072,1536,CDNA4_SCALE,3528,29276,128/256/2/8,128/256/2/4,True,,946.8,710.1,False
2,4,8192,1024,32,3072,3072,CDNA4_SCALE,9000,3136,128/256/2/4,128/256/2/4,True,,714.1,714.1,True
2,4,8192,1024,32,3072,1536,CDNA4_SCALE,9000,3136,128/256/2/4,128/256/2/4,True,,670.4,670.4,True
2,4,8192,1024,16,2880,2880,CDNA4_SCALE,14976,752,64/512/2/4,64/512/2/4,True,,343.7,343.7,True
2,4,8192,1024,16,2880,1440,CDNA4_SCALE,14976,752,64/512/2/4,128/512/2/4,True,,305.7,346.3,False
2,64,8192,1024,128,3072,3072,CDNA4_SCALE,53856,31936,128/256/2/8,128/256/2/4,True,,999.9,749.9,False
2,64,8192,1024,128,3072,1536,CDNA4_SCALE,53856,31936,128/256/2/8,128/256/2/4,True,,947.4,710.6,False
2,64,8192,1024,32,3072,3072,CDNA4_SCALE,9000,3136,128/256/2/4,128/256/2/4,True,,714.1,714.1,True
2,64,8192,1024,32,3072,1536,CDNA4_SCALE,9000,3136,128/256/2/4,128/256/2/4,True,,670.4,670.4,True
2,64,8192,1024,16,2880,2880,CDNA4_SCALE,14976,752,64/512/2/4,64/512/2/4,True,,343.7,343.7,True
2,64,8192,1024,16,2880,1440,CDNA4_SCALE,14976,752,64/512/2/4,128/512/2/4,True,,305.7,346.3,False
2,64,8192,1024,64,3072,3072,CDNA4_SCALE,72,5868,128/256/2/4,128/256/2/4,True,,911.0,911.0,True
2,64,8192,1024,64,3072,1536,CDNA4_SCALE,72,5868,128/256/2/4,128/256/2/4,True,,858.7,858.7,True
2,8,8192,1024,128,3072,3072,CDNA4_SCALE,6984,29348,128/256/2/8,128/256/2/4,True,,1006.0,754.5,False
2,8,8192,1024,128,3072,1536,CDNA4_SCALE,6984,29348,128/256/2/8,128/256/2/4,True,,953.3,715.0,False
2,8,8192,1024,32,3072,3072,CDNA4_SCALE,9000,3136,128/256/2/4,128/256/2/4,True,,714.1,714.1,True
2,8,8192,1024,32,3072,1536,CDNA4_SCALE,9000,3136,128/256/2/4,128/256/2/4,True,,670.4,670.4,True
2,8,8192,1024,16,2880,2880,CDNA4_SCALE,14976,752,64/512/2/4,64/512/2/4,True,,343.7,343.7,True
2,8,8192,1024,16,2880,1440,CDNA4_SCALE,14976,752,64/512/2/4,128/512/2/4,True,,305.7,346.3,False
4,128,8192,1024,128,1536,3072,None,213984,32768,128/256/2/8,128/256/2/4,True,,1050.5,787.9,False
4,128,8192,1024,128,3072,768,None,213984,32768,128/256/2/8,128/256/2/4,True,,893.7,670.2,False
4,128,8192,1024,32,1536,3072,None,18000,3136,64/256/2/4,128/256/2/4,True,,429.0,714.1,False
4,128,8192,1024,32,3072,768,None,18000,3136,128/256/2/4,128/256/2/4,True,,585.0,585.0,True
4,128,8192,1024,16,1440,2880,None,29952,752,256/256/2/4,64/512/2/4,True,,168.2,284.6,False
4,128,8192,1024,16,2880,720,None,29952,752,64/512/2/4,64/128/3/4,False,BK=128,258.8,165.8,False
4,128,8192,1024,64,1536,3072,None,720,7252,64/256/2/4,128/256/2/4,True,,503.9,784.7,False
4,128,8192,1024,64,3072,768,None,720,7252,128/256/2/4,128/256/2/4,True,,778.8,778.8,True
4,16,8192,1024,128,1536,3072,None,27360,29926,128/256/2/8,128/256/2/4,True,,1043.7,782.7,False
4,16,8192,1024,128,3072,768,None,27360,29926,128/256/2/8,128/256/2/4,True,,887.8,665.9,False
4,16,8192,1024,32,1536,3072,None,18000,3136,64/256/2/4,128/256/2/4,True,,429.0,714.1,False
4,16,8192,1024,32,3072,768,None,18000,3136,128/256/2/4,128/256/2/4,True,,585.0,585.0,True
4,16,8192,1024,16,1440,2880,None,29952,752,256/256/2/4,64/512/2/4,True,,168.2,284.6,False
4,16,8192,1024,16,2880,720,None,29952,752,64/512/2/4,64/128/3/4,False,BK=128,258.8,165.8,False
4,256,8192,1024,128,1536,3072,None,427104,32768,128/256/2/8,128/256/2/4,True,,1050.5,787.9,False
4,256,8192,1024,128,3072,768,None,427104,32768,128/256/2/8,128/256/2/4,True,,893.7,670.2,False
4,256,8192,1024,32,1536,3072,None,18000,3136,64/256/2/4,128/256/2/4,True,,429.0,714.1,False
4,256,8192,1024,32,3072,768,None,18000,3136,128/256/2/4,128/256/2/4,True,,585.0,585.0,True
4,256,8192,1024,16,1440,2880,None,29952,752,256/256/2/4,64/512/2/4,True,,168.2,284.6,False
4,256,8192,1024,16,2880,720,None,29952,752,64/512/2/4,64/128/3/4,False,BK=128,258.8,165.8,False
4,256,8192,1024,64,1536,3072,None,864,7000,64/256/2/4,128/256/2/4,True,,469.4,730.9,False
4,256,8192,1024,64,3072,768,None,864,7000,128/256/2/4,128/256/2/4,True,,725.4,725.4,True
4,32,8192,1024,128,1536,3072,None,54144,30712,128/256/2/8,128/256/2/4,True,,923.1,692.3,False
4,32,8192,1024,128,3072,768,None,54144,30712,128/256/2/8,128/256/2/4,True,,855.0,641.3,False
4,32,8192,1024,32,1536,3072,None,18000,3136,64/256/2/4,128/256/2/4,True,,429.0,714.1,False
4,32,8192,1024,32,3072,768,None,18000,3136,128/256/2/4,128/256/2/4,True,,585.0,585.0,True
4,32,8192,1024,16,1440,2880,None,29952,752,256/256/2/4,64/512/2/4,True,,168.2,284.6,False
4,32,8192,1024,16,2880,720,None,29952,752,64/512/2/4,64/128/3/4,False,BK=128,258.8,165.8,False
4,4,8192,1024,128,1536,3072,None,7056,29276,128/256/2/8,128/256/2/4,True,,999.2,749.4,False
4,4,8192,1024,128,3072,768,None,7056,29276,128/256/2/8,128/256/2/4,True,,850.0,637.5,False
4,4,8192,1024,32,1536,3072,None,18000,3136,64/256/2/4,128/256/2/4,True,,429.0,714.1,False
4,4,8192,1024,32,3072,768,None,18000,3136,128/256/2/4,128/256/2/4,True,,585.0,585.0,True
4,4,8192,1024,16,1440,2880,None,29952,752,256/256/2/4,64/512/2/4,True,,168.2,284.6,False
4,4,8192,1024,16,2880,720,None,29952,752,64/512/2/4,64/128/3/4,False,BK=128,258.8,165.8,False
4,64,8192,1024,128,1536,3072,None,107712,31946,128/256/2/8,128/256/2/4,True,,1000.2,750.1,False
4,64,8192,1024,128,3072,768,None,107712,31946,128/256/2/8,128/256/2/4,True,,850.8,638.1,False
4,64,8192,1024,32,1536,3072,None,18000,3136,64/256/2/4,128/256/2/4,True,,429.0,714.1,False
4,64,8192,1024,32,3072,768,None,18000,3136,128/256/2/4,128/256/2/4,True,,585.0,585.0,True
4,64,8192,1024,16,1440,2880,None,29952,752,256/256/2/4,64/512/2/4,True,,168.2,284.6,False
4,64,8192,1024,16,2880,720,None,29952,752,64/512/2/4,64/128/3/4,False,BK=128,258.8,165.8,False
4,64,8192,1024,64,1536,3072,None,288,6776,64/256/2/4,128/256/2/4,True,,529.8,981.7,False
4,64,8192,1024,64,3072,768,None,288,6776,128/256/2/4,128/256/2/4,True,,818.7,818.7,True
4,8,8192,1024,128,1536,3072,None,13824,29352,128/256/2/8,128/256/2/4,True,,1006.1,754.6,False
4,8,8192,1024,128,3072,768,None,13824,29352,128/256/2/8,128/256/2/4,True,,855.9,641.9,False
4,8,8192,1024,32,1536,3072,None,18000,3136,64/256/2/4,128/256/2/4,True,,429.0,714.1,False
4,8,8192,1024,32,3072,768,None,18000,3136,128/256/2/4,128/256/2/4,True,,585.0,585.0,True
4,8,8192,1024,16,1440,2880,None,29952,752,256/256/2/4,64/512/2/4,True,,168.2,284.6,False
4,8,8192,1024,16,2880,720,None,29952,752,64/512/2/4,64/128/3/4,False,BK=128,258.8,165.8,False
4,8,8192,1024,64,1536,3072,None,144,6140,64/256/2/4,128/256/2/4,True,,536.7,805.7,False
4,8,8192,1024,64,3072,768,None,144,6140,128/256/2/4,128/256/2/4,True,,829.5,829.5,True
8,128,8192,1024,128,1024,3072,None,427104,32768,128/256/2/8,,False,<no-json-entry>,1050.5,,False
8,128,8192,1024,128,3072,512,None,427104,32768,128/256/2/8,,False,<no-json-entry>,812.2,,False
8,128,8192,1024,32,1024,3072,None,36288,3136,128/256/2/4,,False,<no-json-entry>,495.9,,False
8,128,8192,1024,32,3072,512,None,36288,3136,128/256/2/4,,False,<no-json-entry>,521.3,,False
8,128,8192,1024,16,720,2880,None,59904,752,128/512/2/4,64/512/2/4,True,,164.9,206.2,False
8,128,8192,1024,16,2880,360,None,59904,752,64/512/3/4,64/128/3/4,False,BK=128,233.2,143.5,False
8,128,8192,1024,64,1024,3072,None,2880,6588,128/256/2/4,,False,<no-json-entry>,644.1,,False
8,128,8192,1024,64,3072,512,None,2880,6588,128/256/2/4,,False,<no-json-entry>,695.7,,False
8,16,8192,1024,128,1024,3072,None,54720,29926,128/256/2/8,,False,<no-json-entry>,877.0,,False
8,16,8192,1024,128,3072,512,None,54720,29926,128/256/2/8,,False,<no-json-entry>,806.9,,False
8,16,8192,1024,32,1024,3072,None,36000,3136,128/256/2/4,,False,<no-json-entry>,495.9,,False
8,16,8192,1024,32,3072,512,None,36000,3136,128/256/2/4,,False,<no-json-entry>,521.3,,False
8,16,8192,1024,16,720,2880,None,59904,752,128/512/2/4,64/512/2/4,True,,164.9,206.2,False
8,16,8192,1024,16,2880,360,None,59904,752,64/512/3/4,64/128/3/4,False,BK=128,233.2,143.5,False
8,256,8192,1024,128,1024,3072,None,850464,32768,128/256/2/8,,False,<no-json-entry>,1050.5,,False
8,256,8192,1024,128,3072,512,None,850464,32768,128/256/2/8,,False,<no-json-entry>,812.2,,False
8,256,8192,1024,32,1024,3072,None,36000,3136,128/256/2/4,,False,<no-json-entry>,495.9,,False
8,256,8192,1024,32,3072,512,None,36000,3136,128/256/2/4,,False,<no-json-entry>,521.3,,False
8,256,8192,1024,16,720,2880,None,59904,752,128/512/2/4,64/512/2/4,True,,164.9,206.2,False
8,256,8192,1024,16,2880,360,None,59904,752,64/512/3/4,64/128/3/4,False,BK=128,233.2,143.5,False
8,256,8192,1024,64,1024,3072,None,2304,6346,128/256/2/4,,False,<no-json-entry>,602.4,,False
8,256,8192,1024,64,3072,512,None,2304,6346,128/256/2/4,,False,<no-json-entry>,650.6,,False
8,32,8192,1024,128,1024,3072,None,108288,30714,128/256/2/8,,False,<no-json-entry>,923.1,,False
8,32,8192,1024,128,3072,512,None,108288,30714,128/256/2/8,,False,<no-json-entry>,777.2,,False
8,32,8192,1024,32,1024,3072,None,36000,3136,128/256/2/4,,False,<no-json-entry>,495.9,,False
8,32,8192,1024,32,3072,512,None,36000,3136,128/256/2/4,,False,<no-json-entry>,521.3,,False
8,32,8192,1024,16,720,2880,None,59904,752,128/512/2/4,64/512/2/4,True,,164.9,206.2,False
8,32,8192,1024,16,2880,360,None,59904,752,64/512/3/4,64/128/3/4,False,BK=128,233.2,143.5,False
8,4,8192,1024,128,1024,3072,None,14112,29276,128/256/2/8,,False,<no-json-entry>,839.6,,False
8,4,8192,1024,128,3072,512,None,14112,29276,128/256/2/8,,False,<no-json-entry>,772.5,,False
8,4,8192,1024,32,1024,3072,None,36000,3136,128/256/2/4,,False,<no-json-entry>,495.9,,False
8,4,8192,1024,32,3072,512,None,36000,3136,128/256/2/4,,False,<no-json-entry>,521.3,,False
8,4,8192,1024,16,720,2880,None,59904,752,128/512/2/4,64/512/2/4,True,,164.9,206.2,False
8,4,8192,1024,16,2880,360,None,59904,752,64/512/3/4,64/128/3/4,False,BK=128,233.2,143.5,False
8,64,8192,1024,128,1024,3072,None,214848,32004,128/256/2/8,,False,<no-json-entry>,1006.0,,False
8,64,8192,1024,128,3072,512,None,214848,32004,128/256/2/8,,False,<no-json-entry>,777.8,,False
8,64,8192,1024,32,1024,3072,None,36000,3136,128/256/2/4,,False,<no-json-entry>,495.9,,False
8,64,8192,1024,32,3072,512,None,36000,3136,128/256/2/4,,False,<no-json-entry>,521.3,,False
8,64,8192,1024,16,720,2880,None,59904,752,128/512/2/4,64/512/2/4,True,,164.9,206.2,False
8,64,8192,1024,16,2880,360,None,59904,752,64/512/3/4,64/128/3/4,False,BK=128,233.2,143.5,False
8,64,8192,1024,64,1024,3072,None,288,5292,128/256/2/4,,False,<no-json-entry>,741.2,,False
8,64,8192,1024,64,3072,512,None,288,5292,128/256/2/4,,False,<no-json-entry>,703.6,,False
8,8,8192,1024,128,1024,3072,None,27648,29352,128/256/2/8,,False,<no-json-entry>,845.4,,False
8,8,8192,1024,128,3072,512,None,27648,29352,128/256/2/8,,False,<no-json-entry>,777.9,,False
8,8,8192,1024,32,1024,3072,None,36000,3136,128/256/2/4,,False,<no-json-entry>,495.9,,False
8,8,8192,1024,32,3072,512,None,36000,3136,128/256/2/4,,False,<no-json-entry>,521.3,,False
8,8,8192,1024,16,720,2880,None,59904,752,128/512/2/4,64/512/2/4,True,,164.9,206.2,False
8,8,8192,1024,16,2880,360,None,59904,752,64/512/3/4,64/128/3/4,False,BK=128,233.2,143.5,False
8,8,8192,1024,64,1024,3072,None,288,6144,128/256/2/4,,False,<no-json-entry>,995.3,,False
8,8,8192,1024,64,3072,512,None,288,6144,128/256/2/4,,False,<no-json-entry>,746.6,,False
